,trial_num,test_rmse
0,20,21.166033351605012
1,19,12.709857038125847
2,18,12.84182801803204
3,17,4.957448290588324
4,16,3.483628245618133
5,15,23.143818412567096
6,14,13.681445128029752
7,13,10.463839397736047
8,12,38.10930786069095
9,11,26.183237963646555
10,10,14.10950314226416
11,9,22.13819958818096
12,8,22.252227985896585
13,7,6.6252379784534
14,6,3.1828417689644173
15,5,31.608783043015706
16,4,9.874593229840745
17,3,2.699574920484925
18,2,66.39891089903153
19,1,30.395396735508523
